<?xml version="1.0" encoding="UTF-8"?>
<!DOCTYPE mapper PUBLIC "-//mybatis.org//DTD Mapper 3.0//EN" "http://mybatis.org/dtd/mybatis-3-mapper.dtd">
<mapper namespace="com.example.smartalbum.mapper.AlbumMapper">
    <resultMap id="AlbumResultMap" type="com.example.smartalbum.entity.Album">
        <id column="id" property="id"/>
        <result column="name" property="name"/>
        <result column="description" property="description"/>
        <result column="user_id" property="userId"/>
        <result column="created_at" property="createdAt"/>
        <result column="updated_at" property="updatedAt"/>
    </resultMap>

    <select id="selectById" parameterType="long" resultMap="AlbumResultMap">
        SELECT * FROM album WHERE id = #{id}
    </select>

    <select id="selectByUserId" parameterType="long" resultMap="AlbumResultMap">
        SELECT * FROM album WHERE user_id = #{userId}
    </select>

    <insert id="insert" parameterType="com.example.smartalbum.entity.Album" useGeneratedKeys="true" keyProperty="id">
        INSERT INTO album (name, description, user_id) VALUES (#{name}, #{description}, #{userId})
    </insert>

    <update id="update" parameterType="com.example.smartalbum.entity.Album">
        UPDATE album SET name = #{name}, description = #{description} WHERE id = #{id}
    </update>

    <delete id="delete" parameterType="long">
        DELETE FROM album WHERE id = #{id}
    </delete>
</mapper>