<?xml version="1.0" encoding="UTF-8"?>
<!DOCTYPE mapper PUBLIC "-//mybatis.org//DTD Mapper 3.0//EN" "http://mybatis.org/dtd/mybatis-3-mapper.dtd">
<mapper namespace="com.example.smartalbum.mapper.ResumeInfoMapper">
    <resultMap id="ResumeInfoResultMap" type="com.example.smartalbum.entity.ResumeInfo">
        <id column="id" property="id"/>
        <result column="image_id" property="imageId"/>
        <result column="name" property="name"/>
        <result column="phone" property="phone"/>
        <result column="email" property="email"/>
        <result column="skills" property="skills"/>
        <result column="experience" property="experience"/>
        <result column="education" property="education"/>
        <result column="extracted_at" property="extractedAt"/>
    </resultMap>

    <select id="selectById" parameterType="long" resultMap="ResumeInfoResultMap">
        SELECT * FROM resume_info WHERE id = #{id}
    </select>

    <select id="selectByImageId" parameterType="long" resultMap="ResumeInfoResultMap">
        SELECT * FROM resume_info WHERE image_id = #{imageId}
    </select>

    <insert id="insert" parameterType="com.example.smartalbum.entity.ResumeInfo" useGeneratedKeys="true" keyProperty="id">
        INSERT INTO resume_info (image_id, name, phone, email, skills, experience, education) 
        VALUES (#{imageId}, #{name}, #{phone}, #{email}, #{skills}, #{experience}, #{education})
    </insert>

    <update id="update" parameterType="com.example.smartalbum.entity.ResumeInfo">
        UPDATE resume_info 
        SET name = #{name}, phone = #{phone}, email = #{email}, skills = #{skills}, experience = #{experience}, education = #{education} 
        WHERE id = #{id}
    </update>

    <delete id="delete" parameterType="long">
        DELETE FROM resume_info WHERE id = #{id}
    </delete>
</mapper>