<?xml version="1.0" encoding="UTF-8"?>
<!DOCTYPE mapper PUBLIC "-//mybatis.org//DTD Mapper 3.0//EN" "http://mybatis.org/dtd/mybatis-3-mapper.dtd">
<mapper namespace="com.example.smartalbum.mapper.ImageMapper">
    <resultMap id="ImageResultMap" type="com.example.smartalbum.entity.Image">
        <id column="id" property="id"/>
        <result column="name" property="name"/>
        <result column="path" property="path"/>
        <result column="url" property="url"/>
        <result column="size" property="size"/>
        <result column="width" property="width"/>
        <result column="height" property="height"/>
        <result column="format" property="format"/>
        <result column="upload_time" property="uploadTime"/>
        <result column="album_id" property="albumId"/>
        <result column="user_id" property="userId"/>
        <result column="ocr_processed" property="ocrProcessed"/>
        <result column="ai_tagged" property="aiTagged"/>
    </resultMap>

    <select id="selectById" parameterType="long" resultMap="ImageResultMap">
        SELECT * FROM image WHERE id = #{id}
    </select>

    <select id="selectByAlbumId" parameterType="long" resultMap="ImageResultMap">
        SELECT * FROM image WHERE album_id = #{albumId}
    </select>

    <select id="selectByUserId" parameterType="long" resultMap="ImageResultMap">
        SELECT * FROM image WHERE user_id = #{userId}
    </select>

    <insert id="insert" parameterType="com.example.smartalbum.entity.Image" useGeneratedKeys="true" keyProperty="id">
        INSERT INTO image (name, path, url, size, width, height, format, album_id, user_id, ocr_processed, ai_tagged) 
        VALUES (#{name}, #{path}, #{url}, #{size}, #{width}, #{height}, #{format}, #{albumId}, #{userId}, #{ocrProcessed}, #{aiTagged})
    </insert>

    <update id="update" parameterType="com.example.smartalbum.entity.Image">
        UPDATE image 
        SET name = #{name}, album_id = #{albumId}, ocr_processed = #{ocrProcessed}, ai_tagged = #{aiTagged} 
        WHERE id = #{id}
    </update>

    <delete id="delete" parameterType="long">
        DELETE FROM image WHERE id = #{id}
    </delete>

    <delete id="batchDelete" parameterType="java.util.List">
        DELETE FROM image WHERE id IN
        <foreach collection="list" item="id" open="(" separator="," close=")">
            #{id}
        </foreach>
    </delete>
</mapper>