<?xml version="1.0" encoding="UTF-8"?>
<!DOCTYPE mapper PUBLIC "-//mybatis.org//DTD Mapper 3.0//EN" "http://mybatis.org/dtd/mybatis-3-mapper.dtd">
<mapper namespace="com.example.smartalbum.mapper.UserMapper">
    <resultMap id="UserResultMap" type="com.example.smartalbum.entity.User">
        <id column="id" property="id"/>
        <result column="username" property="username"/>
        <result column="password" property="password"/>
        <result column="email" property="email"/>
        <result column="created_at" property="createdAt"/>
        <result column="updated_at" property="updatedAt"/>
    </resultMap>

    <select id="selectById" parameterType="long" resultMap="UserResultMap">
        SELECT * FROM user WHERE id = #{id}
    </select>

    <select id="selectByUsername" parameterType="string" resultMap="UserResultMap">
        SELECT * FROM user WHERE username = #{username}
    </select>

    <select id="selectByEmail" parameterType="string" resultMap="UserResultMap">
        SELECT * FROM user WHERE email = #{email}
    </select>

    <insert id="insert" parameterType="com.example.smartalbum.entity.User" useGeneratedKeys="true" keyProperty="id">
        INSERT INTO user (username, password, email) VALUES (#{username}, #{password}, #{email})
    </insert>

    <update id="update" parameterType="com.example.smartalbum.entity.User">
        UPDATE user SET username = #{username}, password = #{password}, email = #{email} WHERE id = #{id}
    </update>

    <delete id="delete" parameterType="long">
        DELETE FROM user WHERE id = #{id}
    </delete>
</mapper>