<?xml version="1.0" encoding="UTF-8"?>
<!DOCTYPE mapper PUBLIC "-//mybatis.org//DTD Mapper 3.0//EN" "http://mybatis.org/dtd/mybatis-3-mapper.dtd">
<mapper namespace="com.example.smartalbum.mapper.OcrResultMapper">
    <resultMap id="OcrResultResultMap" type="com.example.smartalbum.entity.OcrResult">
        <id column="id" property="id"/>
        <result column="image_id" property="imageId"/>
        <result column="text_content" property="textContent"/>
        <result column="confidence" property="confidence"/>
        <result column="created_at" property="createdAt"/>
    </resultMap>

    <select id="selectById" parameterType="long" resultMap="OcrResultResultMap">
        SELECT * FROM ocr_result WHERE id = #{id}
    </select>

    <select id="selectByImageId" parameterType="long" resultMap="OcrResultResultMap">
        SELECT * FROM ocr_result WHERE image_id = #{imageId}
    </select>

    <insert id="insert" parameterType="com.example.smartalbum.entity.OcrResult" useGeneratedKeys="true" keyProperty="id">
        INSERT INTO ocr_result (image_id, text_content, confidence) VALUES (#{imageId}, #{textContent}, #{confidence})
    </insert>

    <update id="update" parameterType="com.example.smartalbum.entity.OcrResult">
        UPDATE ocr_result SET text_content = #{textContent}, confidence = #{confidence} WHERE id = #{id}
    </update>

    <delete id="delete" parameterType="long">
        DELETE FROM ocr_result WHERE id = #{id}
    </delete>
</mapper>